Dataset,NonIID_Type,Algorithm,Accuracy,Loss,Rounds,Duration_sec,Status,Error
MNIST,IID,FedAvg,0.9897,0.04082146340515465,6,578.0775766372681,success,
MNIST,IID,FedProx,0.9893,0.04194184186635539,6,571.1392667293549,success,
MNIST,IID,SCAFFOLD,0.9904,0.04107386418618262,6,588.1199147701263,success,
